UNIQUE_KEY,CREATED_DATE,CLOSED_DATE,AGENCY,AGENCY_NAME,COMPLAINT_TYPE,DESCRIPTOR,LOCATION_TYPE,INCIDENT_ZIP,INCIDENT_ADDRESS,STREET_NAME,CROSS_STREET_1,CROSS_STREET_2,INTERSECTION_STREET_1,INTERSECTION_STREET_2,ADDRESS_TYPE,CITY,LANDMARK,FACILITY_TYPE,STATUS,DUE_DATE,RESOLUTION_DESCRIPTION,RESOLUTION_ACTION_UPDATED_DATE,COMMUNITY_BOARD,BOROUGH,X_COORDINATE,Y_COORDINATE,PARK_FACILITY_NAME,PARK_BOROUGH,BBL,OPEN_DATA_CHANNEL_TYPE,VEHICLE_TYPE,TAXI_COMPANY_BOROUGH,TAXI_PICKUP_LOCATION,BRIDGE_HIGHWAY_NAME,BRIDGE_HIGHWAY_DIRECTION,ROAD_RAMP,BRIDGE_HIGHWAY_SEGMENT,LATITUDE,LONGITUDE,LOCATION,LOADED_AT
51369384,2021-07-29 09:48:52 UTC,2021-07-31 21:50:45 UTC,DHS,Department of Homeless Services,Homeless Person Assistance,,Subway,,,,,,,,ADDRESS,,,,Closed,,The mobile outreach response team went to the location provided but could not find the individual that you reported.,2021-07-31 21:50:45 UTC,Unspecified MANHATTAN,MANHATTAN,1000882,243865,Unspecified,MANHATTAN,,MOBILE,,,,C,,,Platform,40.836012753,-73.93989486,"(40.836012752574476, -73.93989486020651)",2026-09-23 07:27:15.100
51764202,2021-09-05 21:34:43 UTC,2021-09-06 08:25:17 UTC,DHS,Department of Homeless Services,Homeless Person Assistance,,Subway,,,,,,,,ADDRESS,,,,Closed,,"The mobile outreach response team offered services to the individual, but the individual did not accept assistance.",2021-09-06 08:25:17 UTC,Unspecified QUEENS,QUEENS,1006000,218644,Unspecified,QUEENS,,MOBILE,,,,N,,,Mezzanine,40.76677692,-73.92148101,"(40.766776919897595, -73.92148101028906)",2026-09-23 07:27:15.100
51438498,2021-08-05 04:00:47 UTC,2021-08-05 05:36:47 UTC,DHS,Department of Homeless Services,Homeless Person Assistance,,Subway,,,,,,,,ADDRESS,,,,Closed,,The mobile outreach response team went to the location provided but could not find the individual that you reported.,2021-08-05 05:36:47 UTC,Unspecified BRONX,BRONX,1010797,235168,Unspecified,BRONX,,MOBILE,,,,6,6 to Manhattan,,Platform,40.812117731,-73.904098216,"(40.812117731364886, -73.90409821625235)",2026-09-23 07:27:15.100
51769391,2021-09-06 21:39:21 UTC,2021-09-07 08:07:20 UTC,DHS,Department of Homeless Services,Homeless Person Assistance,,Subway,,,,,,,,ADDRESS,,,,Closed,,"The mobile outreach response team offered services to the individual, but the individual did not accept assistance.",2021-09-07 08:07:20 UTC,Unspecified MANHATTAN,MANHATTAN,981184,196664,Unspecified,MANHATTAN,,MOBILE,,,,J,,,Mezzanine,40.706473479,-74.011058456,"(40.706473479081474, -74.0110584556802)",2026-09-23 07:27:15.100
51486808,2021-08-10 13:37:53 UTC,2021-08-10 13:40:41 UTC,DHS,Department of Homeless Services,Homeless Person Assistance,,Subway,,,,,,,,ADDRESS,,,,Closed,,The Department of Homeless Services did not have enough information to act on your request.,2021-08-10 13:40:41 UTC,Unspecified BROOKLYN,BROOKLYN,987290,183579,Unspecified,BROOKLYN,,MOBILE,,,,R,R to Manhattan,,Platform,40.670558169,-73.989041225,"(40.67055816931585, -73.98904122546709)",2026-09-23 07:27:15.100
50911449,2021-06-17 16:01:04 UTC,2021-06-18 18:48:38 UTC,DHS,Department of Homeless Services,Homeless Person Assistance,,Subway,,,,,,,,ADDRESS,,,,Closed,,The mobile outreach response team went to the location provided but could not find the individual that you reported.,2021-06-18 18:48:38 UTC,Unspecified QUEENS,QUEENS,1001028,212748,Unspecified,QUEENS,,ONLINE,,,,N,,Bridge Plz N & 27 St,Entrance,40.750604746,-73.939444978,"(40.75060474625558, -73.93944497833013)",2026-09-23 07:27:15.100
51533855,2021-08-15 04:02:41 UTC,2021-08-15 07:35:00 UTC,DHS,Department of Homeless Services,Homeless Person Assistance,,Subway,,,,,,,,ADDRESS,,,,Closed,,The mobile outreach response team went to the location provided but could not find the individual that you reported.,2021-08-15 07:35:00 UTC,Unspecified MANHATTAN,MANHATTAN,983658,209000,Unspecified,MANHATTAN,,MOBILE,,,,L,,,Mezzanine,40.740333323,-74.002136312,"(40.740333322916975, -74.00213631204251)",2026-09-23 07:27:15.100
39270160,2018-05-23 08:45:02 UTC,2018-05-23 08:47:21 UTC,DHS,Department of Homeless Services,Homeless Person Assistance,,Bridge/Underpass,,,,PARK AVENUE,EAST 165 STREET,,,BLOCKFACE,,,,Closed,2018-05-23 09:45:02 UTC,The Department of Homeless Services did not have enough information to act on your request.,2018-05-23 08:47:21 UTC,,,,,Unspecified,,,PHONE,,,,,,,,,,,2026-09-23 07:27:15.100
51550612,2021-08-16 10:48:01 UTC,2021-08-16 10:49:44 UTC,DHS,Department of Homeless Services,Homeless Person Assistance,,Subway,,,,,,,,ADDRESS,,,,Closed,,The Department of Homeless Services did not have enough information to act on your request.,2021-08-16 10:49:44 UTC,Unspecified MANHATTAN,MANHATTAN,997799,225522,Unspecified,MANHATTAN,,MOBILE,,,,6,6 Uptown & The Bronx,,Platform,40.785671591,-73.951073305,"(40.78567159128137, -73.95107330536266)",2026-09-23 07:27:15.100
50914763,2021-06-17 15:28:25 UTC,2021-06-17 15:30:11 UTC,DHS,Department of Homeless Services,Homeless Person Assistance,,Subway,,,,,,,,ADDRESS,,,,Closed,,The Department of Homeless Services did not have enough information to act on your request.,2021-06-17 15:30:11 UTC,Unspecified QUEENS,QUEENS,1000818,212739,Unspecified,QUEENS,,MOBILE,,,,7,,,Stairway,40.750580439,-73.940202931,"(40.75058043949768, -73.94020293056573)",2026-09-23 07:27:15.100
